id,frame,x,y
0,1,56,175
1,1,55,183
2,1,55,193
3,1,55,203
4,1,56,213
5,1,59,222
6,1,63,230
7,1,70,236
8,1,79,238
9,1,90,237
10,1,101,233
11,1,111,227
12,1,119,219
13,1,125,209
14,1,127,197
15,1,127,184
16,1,128,172
17,1,57,162
18,1,58,156
19,1,61,153
20,1,66,152
21,1,71,153
22,1,81,152
23,1,88,148
24,1,97,148
25,1,104,152
26,1,110,158
27,1,75,163
28,1,74,168
29,1,72,174
30,1,71,179
31,1,69,189
32,1,71,190
33,1,74,190
34,1,78,189
35,1,82,188
36,1,61,169
37,1,64,166
38,1,67,165
39,1,71,167
40,1,68,169
41,1,64,170
42,1,88,165
43,1,92,162
44,1,96,162
45,1,100,165
46,1,96,166
47,1,92,166
48,1,68,210
49,1,69,203
50,1,72,200
51,1,75,200
52,1,78,199
53,1,85,201
54,1,91,208
55,1,86,212
56,1,80,214
57,1,76,214
58,1,73,214
59,1,70,213
60,1,70,209
61,1,73,204
62,1,76,204
63,1,79,204
64,1,89,207
65,1,79,209
66,1,76,209
67,1,73,209
0,2,55,179
1,2,55,189
2,2,56,199
3,2,56,209
4,2,59,219
5,2,61,229
6,2,65,237
7,2,72,244
8,2,82,246
9,2,93,245
10,2,104,240
11,2,113,233
12,2,121,225
13,2,127,214
14,2,129,202
15,2,130,190
16,2,131,177
17,2,54,162
18,2,55,156
19,2,59,152
20,2,65,151
21,2,71,153
22,2,83,150
23,2,91,147
24,2,100,147
25,2,107,151
26,2,113,158
27,2,76,162
28,2,75,168
29,2,74,173
30,2,73,180
31,2,70,190
32,2,73,191
33,2,76,192
34,2,80,190
35,2,85,188
36,2,59,169
37,2,62,165
38,2,66,164
39,2,71,167
40,2,66,168
41,2,62,169
42,2,90,164
43,2,95,161
44,2,100,161
45,2,104,164
46,2,99,166
47,2,95,165
48,2,70,215
49,2,70,207
50,2,74,203
51,2,77,203
52,2,81,202
53,2,86,205
54,2,93,212
55,2,88,214
56,2,83,215
57,2,79,216
58,2,75,216
59,2,71,216
60,2,72,214
61,2,74,208
62,2,78,207
63,2,81,207
64,2,90,211
65,2,82,210
66,2,78,211
67,2,75,211
0,3,56,173
1,3,56,183
2,3,56,193
3,3,57,203
4,3,59,213
5,3,62,223
6,3,66,231
7,3,73,237
8,3,84,238
9,3,95,237
10,3,105,232
11,3,114,225
12,3,121,217
13,3,127,207
14,3,129,195
15,3,130,183
16,3,130,170
17,3,56,161
18,3,58,155
19,3,62,152
20,3,67,151
21,3,73,152
22,3,83,150
23,3,90,147
24,3,98,146
25,3,106,149
26,3,111,155
27,3,77,161
28,3,76,166
29,3,75,172
30,3,74,178
31,3,72,188
32,3,74,189
33,3,77,189
34,3,81,188
35,3,85,186
36,3,61,167
37,3,63,163
38,3,68,162
39,3,72,165
40,3,68,167
41,3,64,168
42,3,90,163
43,3,94,159
44,3,99,159
45,3,103,162
46,3,99,163
47,3,94,163
48,3,72,212
49,3,72,204
50,3,75,200
51,3,79,201
52,3,82,199
53,3,87,202
54,3,93,208
55,3,88,211
56,3,84,212
57,3,80,213
58,3,77,214
59,3,73,214
60,3,74,210
61,3,76,205
62,3,79,205
63,3,82,204
64,3,91,208
65,3,83,208
66,3,80,208
67,3,77,209
0,4,58,173
1,4,57,182
2,4,57,192
3,4,57,202
4,4,58,212
5,4,61,222
6,4,65,230
7,4,72,236
8,4,82,238
9,4,93,237
10,4,104,233
11,4,113,227
12,4,121,219
13,4,127,209
14,4,129,197
15,4,130,185
16,4,131,173
17,4,58,159
18,4,59,153
19,4,63,151
20,4,68,150
21,4,73,152
22,4,84,150
23,4,91,147
24,4,99,147
25,4,106,150
26,4,112,156
27,4,77,161
28,4,76,166
29,4,75,172
30,4,74,178
31,4,71,187
32,4,74,189
33,4,77,189
34,4,80,188
35,4,84,186
36,4,62,166
37,4,64,162
38,4,68,161
39,4,72,164
40,4,69,166
41,4,65,166
42,4,91,163
43,4,94,160
44,4,99,160
45,4,103,163
46,4,99,164
47,4,94,164
48,4,71,211
49,4,71,203
50,4,75,200
51,4,78,200
52,4,81,199
53,4,87,202
54,4,93,209
55,4,88,212
56,4,83,213
57,4,79,214
58,4,75,214
59,4,72,213
60,4,73,210
61,4,75,204
62,4,78,204
63,4,81,204
64,4,90,208
65,4,82,209
66,4,79,209
67,4,76,209
0,5,57,178
1,5,56,186
2,5,56,196
3,5,56,206
4,5,58,216
5,5,60,226
6,5,63,235
7,5,69,242
8,5,78,244
9,5,90,243
10,5,101,238
11,5,110,232
12,5,119,224
13,5,125,214
14,5,127,202
15,5,128,190
16,5,129,178
17,5,57,162
18,5,57,156
19,5,61,153
20,5,66,153
21,5,71,155
22,5,82,153
23,5,89,150
24,5,97,150
25,5,105,154
26,5,110,160
27,5,75,163
28,5,74,169
29,5,73,175
30,5,72,181
31,5,69,190
32,5,71,192
33,5,74,192
34,5,79,191
35,5,83,189
36,5,60,168
37,5,62,164
38,5,66,164
39,5,70,167
40,5,66,168
41,5,63,169
42,5,89,166
43,5,93,163
44,5,97,163
45,5,101,166
46,5,97,167
47,5,93,167
48,5,69,215
49,5,69,208
50,5,73,204
51,5,76,205
52,5,79,204
53,5,85,207
54,5,91,213
55,5,85,215
56,5,80,216
57,5,76,216
58,5,73,216
59,5,70,216
60,5,71,214
61,5,73,209
62,5,76,209
63,5,79,209
64,5,88,212
65,5,80,211
66,5,76,212
67,5,73,212
0,6,56,178
1,6,55,187
2,6,56,197
3,6,56,208
4,6,58,218
5,6,60,228
6,6,64,237
7,6,71,244
8,6,81,246
9,6,92,245
10,6,102,241
11,6,111,234
12,6,119,226
13,6,125,216
14,6,127,204
15,6,128,191
16,6,128,179
17,6,56,163
18,6,57,157
19,6,61,154
20,6,66,154
21,6,71,156
22,6,82,154
23,6,89,151
24,6,98,151
25,6,105,154
26,6,110,161
27,6,75,164
28,6,74,170
29,6,73,176
30,6,72,182
31,6,70,192
32,6,72,193
33,6,75,194
34,6,79,192
35,6,83,191
36,6,60,169
37,6,62,165
38,6,66,164
39,6,70,167
40,6,67,169
41,6,63,170
42,6,89,166
43,6,93,163
44,6,98,163
45,6,102,167
46,6,98,168
47,6,93,167
48,6,70,217
49,6,70,209
50,6,73,206
51,6,77,206
52,6,80,205
53,6,85,208
54,6,91,214
55,6,86,217
56,6,82,217
57,6,78,218
58,6,75,218
59,6,71,218
60,6,72,215
61,6,74,211
62,6,77,210
63,6,80,210
64,6,88,213
65,6,81,213
66,6,77,213
67,6,75,213
0,7,56,176
1,7,55,185
2,7,55,196
3,7,56,206
4,7,58,217
5,7,60,227
6,7,64,236
7,7,70,243
8,7,80,246
9,7,91,244
10,7,102,239
11,7,111,232
12,7,119,224
13,7,125,214
14,7,128,201
15,7,129,189
16,7,129,176
17,7,55,161
18,7,56,155
19,7,60,153
20,7,65,153
21,7,70,155
22,7,82,153
23,7,90,150
24,7,98,150
25,7,105,152
26,7,111,159
27,7,75,164
28,7,75,169
29,7,74,175
30,7,73,181
31,7,69,191
32,7,72,193
33,7,75,193
34,7,79,192
35,7,84,190
36,7,60,168
37,7,62,164
38,7,66,164
39,7,70,167
40,7,66,168
41,7,62,169
42,7,89,165
43,7,93,162
44,7,98,162
45,7,102,166
46,7,97,167
47,7,93,166
48,7,69,215
49,7,70,208
50,7,73,205
51,7,77,206
52,7,80,204
53,7,86,207
54,7,92,213
55,7,86,215
56,7,81,216
57,7,78,217
58,7,74,217
59,7,71,217
60,7,72,214
61,7,74,210
62,7,77,210
63,7,80,209
64,7,89,212
65,7,81,211
66,7,77,212
67,7,74,212
0,8,57,175
1,8,56,184
2,8,56,194
3,8,57,204
4,8,58,215
5,8,60,225
6,8,64,234
7,8,71,241
8,8,80,243
9,8,92,241
10,8,102,236
11,8,112,229
12,8,120,221
13,8,126,211
14,8,129,200
15,8,130,187
16,8,130,175
17,8,57,161
18,8,58,155
19,8,62,153
20,8,67,152
21,8,72,154
22,8,83,152
23,8,90,149
24,8,98,149
25,8,105,152
26,8,111,158
27,8,76,162
28,8,75,168
29,8,74,174
30,8,73,180
31,8,71,189
32,8,73,190
33,8,76,191
34,8,80,189
35,8,84,187
36,8,61,167
37,8,63,163
38,8,67,163
39,8,71,166
40,8,67,167
41,8,64,168
42,8,90,164
43,8,93,161
44,8,98,162
45,8,102,165
46,8,98,165
47,8,94,165
48,8,70,213
49,8,70,206
50,8,74,202
51,8,77,203
52,8,81,202
53,8,86,204
54,8,92,211
55,8,86,213
56,8,82,214
57,8,78,214
58,8,74,215
59,8,71,215
60,8,72,212
61,8,74,207
62,8,77,207
63,8,81,207
64,8,89,210
65,8,81,209
66,8,78,210
67,8,75,210
0,9,55,177
1,9,54,186
2,9,55,196
3,9,56,206
4,9,58,217
5,9,60,227
6,9,64,236
7,9,71,242
8,9,81,244
9,9,92,242
10,9,103,237
11,9,112,230
12,9,120,222
13,9,125,212
14,9,128,200
15,9,129,187
16,9,129,174
17,9,53,162
18,9,54,155
19,9,58,152
20,9,64,151
21,9,69,153
22,9,81,150
23,9,88,146
24,9,96,146
25,9,104,149
26,9,110,156
27,9,74,162
28,9,73,168
29,9,73,173
30,9,72,179
31,9,70,190
32,9,72,191
33,9,75,191
34,9,78,189
35,9,83,188
36,9,58,169
37,9,60,165
38,9,64,164
39,9,68,167
40,9,65,169
41,9,61,170
42,9,89,165
43,9,93,161
44,9,97,161
45,9,101,164
46,9,97,165
47,9,93,165
48,9,70,216
49,9,70,208
50,9,73,204
51,9,77,204
52,9,80,203
53,9,85,205
54,9,91,211
55,9,86,214
56,9,81,215
57,9,78,216
58,9,75,217
59,9,71,217
60,9,72,214
61,9,74,209
62,9,77,209
63,9,80,208
64,9,88,211
65,9,81,210
66,9,77,211
67,9,74,211
0,10,55,175
1,10,54,185
2,10,55,195
3,10,56,205
4,10,57,215
5,10,60,225
6,10,64,234
7,10,70,241
8,10,80,243
9,10,91,241
10,10,102,236
11,10,112,230
12,10,120,221
13,10,126,212
14,10,128,200
15,10,129,187
16,10,130,174
17,10,54,161
18,10,56,155
19,10,60,152
20,10,65,151
21,10,71,154
22,10,82,152
23,10,89,148
24,10,98,148
25,10,105,151
26,10,111,157
27,10,75,162
28,10,74,167
29,10,73,173
30,10,72,179
31,10,70,189
32,10,72,190
33,10,75,191
34,10,78,189
35,10,83,188
36,10,59,167
37,10,61,163
38,10,65,162
39,10,69,165
40,10,65,167
41,10,62,168
42,10,89,164
43,10,93,160
44,10,98,160
45,10,102,164
46,10,98,165
47,10,93,164
48,10,69,214
49,10,69,207
50,10,73,203
51,10,76,204
52,10,79,202
53,10,85,205
54,10,91,211
55,10,86,213
56,10,81,214
57,10,77,215
58,10,74,215
59,10,71,215
60,10,71,212
61,10,73,208
62,10,76,208
63,10,80,207
64,10,88,210
65,10,80,209
66,10,77,210
67,10,74,210
0,11,57,175
1,11,56,184
2,11,56,194
3,11,57,204
4,11,58,215
5,11,60,225
6,11,64,234
7,11,70,240
8,11,80,243
9,11,90,242
10,11,101,237
11,11,111,231
12,11,119,223
13,11,125,213
14,11,128,202
15,11,129,189
16,11,130,176
17,11,57,159
18,11,58,154
19,11,62,152
20,11,67,152
21,11,71,154
22,11,83,153
23,11,90,150
24,11,98,150
25,11,105,153
26,11,110,159
27,11,76,163
28,11,75,169
29,11,74,174
30,11,73,180
31,11,70,190
32,11,72,191
33,11,75,192
34,11,79,190
35,11,83,189
36,11,61,166
37,11,63,162
38,11,67,162
39,11,71,166
40,11,67,167
41,11,63,167
42,11,90,165
43,11,94,162
44,11,98,162
45,11,102,166
46,11,98,166
47,11,93,166
48,11,71,213
49,11,70,206
50,11,74,203
51,11,77,204
52,11,80,203
53,11,86,205
54,11,92,212
55,11,86,214
56,11,81,214
57,11,77,215
58,11,74,215
59,11,71,215
60,11,73,212
61,11,74,208
62,11,77,208
63,11,80,207
64,11,89,211
65,11,81,210
66,11,77,210
67,11,74,210
0,12,58,172
1,12,57,181
2,12,57,191
3,12,58,201
4,12,59,211
5,12,62,221
6,12,66,230
7,12,73,236
8,12,83,238
9,12,95,237
10,12,106,232
11,12,114,225
12,12,122,217
13,12,128,207
14,12,130,196
15,12,131,184
16,12,131,172
17,12,58,158
18,12,59,153
19,12,63,150
20,12,68,150
21,12,73,152
22,12,85,151
23,12,91,147
24,12,99,147
25,12,107,150
26,12,112,156
27,12,78,160
28,12,77,166
29,12,76,171
30,12,75,178
31,12,72,186
32,12,75,188
33,12,77,188
34,12,81,187
35,12,85,185
36,12,62,164
37,12,64,161
38,12,68,160
39,12,72,163
40,12,68,164
41,12,65,165
42,12,92,163
43,12,95,159
44,12,100,160
45,12,104,162
46,12,100,163
47,12,96,163
48,12,73,209
49,12,73,202
50,12,76,199
51,12,79,199
52,12,82,198
53,12,88,201
54,12,94,208
55,12,89,211
56,12,84,212
57,12,80,213
58,12,77,213
59,12,74,212
60,12,75,208
61,12,76,203
62,12,79,203
63,12,83,203
64,12,92,207
65,12,83,207
66,12,80,208
67,12,77,208
0,13,59,174
1,13,58,183
2,13,58,192
3,13,58,202
4,13,60,212
5,13,62,222
6,13,65,231
7,13,72,238
8,13,81,240
9,13,92,239
10,13,103,235
11,13,113,228
12,13,121,220
13,13,127,210
14,13,130,198
15,13,131,186
16,13,131,173
17,13,60,159
18,13,60,154
19,13,64,151
20,13,69,150
21,13,74,152
22,13,85,151
23,13,91,147
24,13,100,147
25,13,107,150
26,13,112,157
27,13,78,161
28,13,77,167
29,13,76,173
30,13,75,179
31,13,72,188
32,13,74,189
33,13,77,190
34,13,81,188
35,13,86,187
36,13,63,166
37,13,65,162
38,13,69,162
39,13,73,164
40,13,69,165
41,13,66,166
42,13,92,164
43,13,95,161
44,13,100,161
45,13,103,164
46,13,99,164
47,13,95,164
48,13,72,210
49,13,72,203
50,13,75,200
51,13,79,200
52,13,82,199
53,13,88,202
54,13,94,209
55,13,89,213
56,13,83,214
57,13,79,214
58,13,76,214
59,13,72,213
60,13,74,209
61,13,76,204
62,13,79,205
63,13,82,204
64,13,92,209
65,13,83,209
66,13,79,209
67,13,76,209
0,14,58,171
1,14,57,181
2,14,58,191
3,14,59,201
4,14,60,211
5,14,63,221
6,14,67,230
7,14,74,236
8,14,84,239
9,14,95,238
10,14,106,233
11,14,115,226
12,14,122,217
13,14,128,208
14,14,131,196
15,14,132,183
16,14,132,171
17,14,58,159
18,14,59,153
19,14,64,151
20,14,70,151
21,14,75,153
22,14,85,152
23,14,92,148
24,14,101,148
25,14,108,150
26,14,114,156
27,14,79,161
28,14,78,167
29,14,77,173
30,14,76,180
31,14,73,188
32,14,76,190
33,14,79,190
34,14,83,189
35,14,87,187
36,14,63,165
37,14,65,161
38,14,69,161
39,14,73,164
40,14,69,165
41,14,65,166
42,14,93,163
43,14,96,160
44,14,101,160
45,14,105,163
46,14,101,164
47,14,97,164
48,14,73,210
49,14,73,203
50,14,77,200
51,14,80,201
52,14,84,200
53,14,90,202
54,14,96,209
55,14,90,213
56,14,85,214
57,14,81,215
58,14,77,214
59,14,74,213
60,14,75,209
61,14,77,205
62,14,80,205
63,14,84,205
64,14,93,208
65,14,84,209
66,14,81,209
67,14,77,209
0,15,60,176
1,15,59,185
2,15,59,194
3,15,59,204
4,15,61,214
5,15,63,223
6,15,67,231
7,15,74,238
8,15,84,240
9,15,95,238
10,15,105,234
11,15,114,228
12,15,122,220
13,15,128,210
14,15,131,198
15,15,131,186
16,15,132,174
17,15,61,162
18,15,62,157
19,15,66,153
20,15,70,152
21,15,75,154
22,15,85,151
23,15,91,148
24,15,99,148
25,15,107,150
26,15,112,156
27,15,79,162
28,15,78,168
29,15,77,173
30,15,76,179
31,15,74,188
32,15,76,189
33,15,79,190
34,15,83,188
35,15,87,187
36,15,65,168
37,15,67,164
38,15,71,163
39,15,75,166
40,15,71,168
41,15,68,168
42,15,92,164
43,15,95,160
44,15,100,160
45,15,104,163
46,15,100,164
47,15,96,164
48,15,73,211
49,15,73,203
50,15,77,199
51,15,80,200
52,15,83,199
53,15,90,201
54,15,96,209
55,15,90,213
56,15,85,215
57,15,81,215
58,15,78,215
59,15,74,214
60,15,75,210
61,15,77,204
62,15,80,204
63,15,84,204
64,15,93,208
65,15,84,210
66,15,81,210
67,15,78,210
0,16,58,171
1,16,57,180
2,16,58,190
3,16,59,200
4,16,60,211
5,16,62,221
6,16,66,230
7,16,73,236
8,16,83,238
9,16,94,237
10,16,105,233
11,16,114,226
12,16,122,218
13,16,128,208
14,16,131,196
15,16,132,183
16,16,132,170
17,16,58,159
18,16,59,153
19,16,64,151
20,16,70,151
21,16,75,153
22,16,85,151
23,16,92,148
24,16,100,147
25,16,108,150
26,16,114,156
27,16,79,161
28,16,78,167
29,16,77,173
30,16,76,179
31,16,74,188
32,16,76,189
33,16,78,189
34,16,82,188
35,16,86,187
36,16,63,165
37,16,65,162
38,16,69,161
39,16,73,164
40,16,69,165
41,16,65,166
42,16,93,163
43,16,96,160
44,16,100,159
45,16,105,162
46,16,101,163
47,16,96,164
48,16,73,209
49,16,73,202
50,16,77,199
51,16,80,199
52,16,83,198
53,16,89,201
54,16,95,208
55,16,90,212
56,16,84,214
57,16,80,214
58,16,77,214
59,16,74,213
60,16,75,208
61,16,77,203
62,16,80,204
63,16,83,203
64,16,92,208
65,16,84,208
66,16,80,209
67,16,77,208
0,17,57,175
1,17,57,184
2,17,57,195
3,17,58,205
4,17,60,216
5,17,63,227
6,17,66,236
7,17,73,243
8,17,83,246
9,17,94,243
10,17,105,238
11,17,114,231
12,17,122,222
13,17,128,213
14,17,131,201
15,17,132,188
16,17,132,175
17,17,58,161
18,17,59,155
19,17,63,152
20,17,68,152
21,17,73,154
22,17,84,152
23,17,91,148
24,17,99,147
25,17,107,150
26,17,112,157
27,17,78,162
28,17,77,168
29,17,76,174
30,17,75,180
31,17,72,190
32,17,75,191
33,17,78,192
34,17,82,190
35,17,86,188
36,17,63,167
37,17,64,163
38,17,68,163
39,17,72,166
40,17,69,167
41,17,65,168
42,17,92,164
43,17,95,161
44,17,99,161
45,17,104,164
46,17,100,165
47,17,95,165
48,17,72,215
49,17,72,207
50,17,76,203
51,17,79,204
52,17,82,203
53,17,88,205
54,17,94,212
55,17,89,215
56,17,84,216
57,17,80,217
58,17,77,217
59,17,73,217
60,17,74,214
61,17,76,209
62,17,79,208
63,17,83,208
64,17,91,211
65,17,83,211
66,17,80,212
67,17,77,212
0,18,57,170
1,18,57,180
2,18,57,189
3,18,58,200
4,18,59,210
5,18,62,220
6,18,66,229
7,18,73,235
8,18,83,238
9,18,94,236
10,18,105,232
11,18,114,225
12,18,122,216
13,18,128,206
14,18,130,194
15,18,131,182
16,18,131,169
17,18,58,157
18,18,60,152
19,18,64,150
20,18,69,150
21,18,74,152
22,18,84,150
23,18,91,147
24,18,99,146
25,18,107,149
26,18,112,154
27,18,78,160
28,18,77,167
29,18,76,173
30,18,75,179
31,18,72,188
32,18,75,189
33,18,78,190
34,18,82,188
35,18,86,187
36,18,63,164
37,18,65,160
38,18,69,160
39,18,73,163
40,18,69,164
41,18,65,165
42,18,92,162
43,18,95,159
44,18,100,159
45,18,104,162
46,18,100,163
47,18,96,163
48,18,73,209
49,18,73,202
50,18,76,199
51,18,79,200
52,18,83,199
53,18,89,202
54,18,94,208
55,18,89,212
56,18,84,214
57,18,80,214
58,18,76,213
59,18,73,212
60,18,75,208
61,18,76,204
62,18,79,204
63,18,83,204
64,18,92,208
65,18,83,209
66,18,80,209
67,18,77,208
0,19,58,175
1,19,57,184
2,19,58,194
3,19,59,204
4,19,60,214
5,19,63,223
6,19,67,232
7,19,74,238
8,19,85,239
9,19,96,237
10,19,107,232
11,19,116,225
12,19,123,216
13,19,128,206
14,19,131,194
15,19,131,182
16,19,131,170
17,19,59,161
18,19,60,155
19,19,64,152
20,19,69,151
21,19,74,152
22,19,84,150
23,19,91,146
24,19,98,145
25,19,106,147
26,19,112,152
27,19,78,161
28,19,77,166
29,19,77,171
30,19,76,177
31,19,74,187
32,19,76,188
33,19,79,188
34,19,82,187
35,19,86,185
36,19,63,168
37,19,65,164
38,19,69,163
39,19,74,166
40,19,70,168
41,19,66,169
42,19,92,162
43,19,95,159
44,19,99,159
45,19,103,161
46,19,99,163
47,19,95,163
48,19,73,213
49,19,73,204
50,19,77,200
51,19,80,200
52,19,83,199
53,19,88,201
54,19,94,208
55,19,89,211
56,19,84,212
57,19,81,213
58,19,78,214
59,19,74,215
60,19,75,211
61,19,77,205
62,19,80,205
63,19,83,204
64,19,91,208
65,19,83,208
66,19,80,208
67,19,78,209
0,20,58,172
1,20,57,181
2,20,58,191
3,20,59,201
4,20,61,212
5,20,63,222
6,20,67,231
7,20,73,238
8,20,83,241
9,20,94,239
10,20,104,234
11,20,114,228
12,20,122,219
13,20,128,209
14,20,131,197
15,20,131,184
16,20,131,171
17,20,59,155
18,20,61,150
19,20,65,147
20,20,70,147
21,20,74,150
22,20,85,147
23,20,92,143
24,20,100,143
25,20,107,146
26,20,112,153
27,20,79,158
28,20,78,164
29,20,77,170
30,20,76,177
31,20,73,186
32,20,76,187
33,20,79,188
34,20,83,186
35,20,87,185
36,20,64,162
37,20,66,159
38,20,70,158
39,20,73,161
40,20,70,162
41,20,66,163
42,20,93,160
43,20,96,157
44,20,100,157
45,20,104,160
46,20,100,161
47,20,96,161
48,20,73,209
49,20,73,202
50,20,77,198
51,20,80,199
52,20,84,198
53,20,89,201
54,20,95,208
55,20,90,212
56,20,85,213
57,20,81,214
58,20,77,213
59,20,74,212
60,20,75,208
61,20,77,203
62,20,80,203
63,20,84,203
64,20,92,207
65,20,84,208
66,20,81,209
67,20,77,208
0,21,60,177
1,21,59,186
2,21,59,196
3,21,59,206
4,21,61,216
5,21,63,226
6,21,67,235
7,21,74,242
8,21,83,244
9,21,94,242
10,21,105,237
11,21,114,231
12,21,122,222
13,21,129,213
14,21,131,201
15,21,131,188
16,21,131,175
17,21,61,163
18,21,62,158
19,21,65,155
20,21,70,154
21,21,75,155
22,21,85,153
23,21,92,149
24,21,99,149
25,21,107,151
26,21,112,156
27,21,79,164
28,21,78,169
29,21,77,174
30,21,76,179
31,21,74,189
32,21,76,190
33,21,79,191
34,21,83,189
35,21,88,187
36,21,65,170
37,21,67,166
38,21,71,166
39,21,75,168
40,21,71,170
41,21,67,171
42,21,92,165
43,21,95,162
44,21,99,161
45,21,103,164
46,21,100,165
47,21,95,166
48,21,74,214
49,21,74,206
50,21,77,202
51,21,80,202
52,21,83,201
53,21,89,204
54,21,95,211
55,21,89,214
56,21,85,215
57,21,81,216
58,21,78,216
59,21,75,216
60,21,76,213
61,21,78,207
62,21,80,207
63,21,83,207
64,21,92,210
65,21,84,210
66,21,81,211
67,21,78,211
0,22,58,175
1,22,57,184
2,22,58,195
3,22,59,205
4,22,61,215
5,22,64,225
6,22,68,234
7,22,76,240
8,22,86,241
9,22,97,239
10,22,107,235
11,22,116,228
12,22,124,220
13,22,129,210
14,22,132,198
15,22,132,185
16,22,133,172
17,22,57,160
18,22,58,154
19,22,62,151
20,22,68,151
21,22,73,153
22,22,85,149
23,22,92,145
24,22,100,144
25,22,108,147
26,22,113,154
27,22,78,161
28,22,77,167
29,22,77,172
30,22,76,178
31,22,74,189
32,22,76,190
33,22,79,190
34,22,83,189
35,22,87,187
36,22,62,168
37,22,64,164
38,22,68,163
39,22,72,166
40,22,69,168
41,22,65,169
42,22,93,163
43,22,96,159
44,22,101,159
45,22,105,162
46,22,101,163
47,22,97,164
48,22,75,216
49,22,74,208
50,22,78,204
51,22,81,204
52,22,83,203
53,22,89,205
54,22,95,211
55,22,90,213
56,22,86,214
57,22,82,215
58,22,79,215
59,22,76,216
60,22,77,214
61,22,78,209
62,22,81,208
63,22,84,208
64,22,92,210
65,22,84,209
66,22,82,210
67,22,79,210
0,23,60,179
1,23,59,188
2,23,59,198
3,23,60,208
4,23,62,218
5,23,64,228
6,23,68,237
7,23,74,244
8,23,84,246
9,23,95,244
10,23,105,239
11,23,115,232
12,23,123,224
13,23,129,215
14,23,132,203
15,23,132,191
16,23,133,178
17,23,61,163
18,23,62,157
19,23,66,154
20,23,71,153
21,23,76,154
22,23,85,152
23,23,92,148
24,23,100,148
25,23,108,151
26,23,113,157
27,23,79,163
28,23,78,168
29,23,77,174
30,23,76,179
31,23,74,190
32,23,77,191
33,23,79,192
34,23,83,190
35,23,88,188
36,23,66,170
37,23,68,166
38,23,72,165
39,23,76,168
40,23,72,170
41,23,68,171
42,23,93,165
43,23,96,162
44,23,100,161
45,23,104,164
46,23,100,165
47,23,96,166
48,23,74,216
49,23,74,208
50,23,78,204
51,23,81,204
52,23,84,203
53,23,89,205
54,23,95,212
55,23,90,215
56,23,85,216
57,23,82,217
58,23,79,218
59,23,75,218
60,23,76,214
61,23,78,209
62,23,81,209
63,23,84,208
64,23,92,211
65,23,85,211
66,23,81,212
67,23,79,212
0,24,59,177
1,24,59,186
2,24,60,196
3,24,62,206
4,24,64,217
5,24,67,227
6,24,72,235
7,24,80,241
8,24,90,242
9,24,101,239
10,24,111,233
11,24,119,225
12,24,126,215
13,24,131,204
14,24,132,192
15,24,132,179
16,24,131,166
17,24,59,161
18,24,60,155
19,24,64,151
20,24,68,150
21,24,74,152
22,24,87,148
23,24,92,143
24,24,100,142
25,24,107,143
26,24,113,149
27,24,80,162
28,24,80,167
29,24,79,173
30,24,79,179
31,24,77,190
32,24,79,190
33,24,82,191
34,24,86,189
35,24,90,187
36,24,64,170
37,24,66,167
38,24,70,165
39,24,75,167
40,24,71,169
41,24,67,170
42,24,94,164
43,24,97,160
44,24,101,159
45,24,105,161
46,24,101,163
47,24,97,163
48,24,75,214
49,24,76,206
50,24,80,202
51,24,84,201
52,24,87,200
53,24,92,201
54,24,99,207
55,24,94,212
56,24,89,214
57,24,86,216
58,24,82,217
59,24,78,217
60,24,78,212
61,24,81,207
62,24,84,206
63,24,87,205
64,24,96,207
65,24,88,209
66,24,85,211
67,24,82,211
0,25,61,172
1,25,60,181
2,25,60,191
3,25,62,201
4,25,63,211
5,25,66,221
6,25,70,229
7,25,76,235
8,25,86,237
9,25,97,236
10,25,108,231
11,25,117,225
12,25,125,216
13,25,130,206
14,25,133,195
15,25,134,183
16,25,134,171
17,25,61,159
18,25,63,153
19,25,68,149
20,25,73,149
21,25,78,151
22,25,89,149
23,25,95,146
24,25,103,145
25,25,111,148
26,25,117,155
27,25,82,159
28,25,81,165
29,25,80,171
30,25,79,177
31,25,76,186
32,25,79,187
33,25,82,188
34,25,86,186
35,25,90,185
36,25,66,165
37,25,69,160
38,25,73,160
39,25,77,163
40,25,73,164
41,25,69,165
42,25,96,162
43,25,99,158
44,25,103,158
45,25,107,161
46,25,104,162
47,25,99,162
48,25,76,209
49,25,76,202
50,25,80,198
51,25,83,199
52,25,86,198
53,25,91,201
54,25,97,207
55,25,92,211
56,25,87,212
57,25,84,212
58,25,81,213
59,25,77,212
60,25,78,208
61,25,80,203
62,25,83,203
63,25,86,203
64,25,94,207
65,25,87,207
66,25,83,208
67,25,81,207
0,26,59,176
1,26,58,185
2,26,58,194
3,26,58,204
4,26,60,215
5,26,62,224
6,26,67,233
7,26,73,239
8,26,83,241
9,26,94,240
10,26,105,234
11,26,113,227
12,26,121,219
13,26,127,209
14,26,129,197
15,26,130,185
16,26,130,173
17,26,59,163
18,26,60,157
19,26,64,154
20,26,70,153
21,26,75,154
22,26,85,153
23,26,92,149
24,26,100,148
25,26,107,151
26,26,113,157
27,26,78,163
28,26,78,168
29,26,77,173
30,26,76,178
31,26,74,189
32,26,76,190
33,26,79,190
34,26,82,189
35,26,86,187
36,26,64,169
37,26,66,165
38,26,70,164
39,26,74,167
40,26,70,169
41,26,66,169
42,26,92,165
43,26,95,161
44,26,100,161
45,26,104,163
46,26,100,165
47,26,96,165
48,26,72,212
49,26,73,204
50,26,76,200
51,26,80,201
52,26,83,199
53,26,88,202
54,26,94,209
55,26,89,213
56,26,84,215
57,26,81,215
58,26,77,216
59,26,74,215
60,26,75,211
61,26,77,205
62,26,80,205
63,26,83,204
64,26,91,209
65,26,84,210
66,26,80,211
67,26,77,211
0,27,56,175
1,27,55,184
2,27,56,193
3,27,57,203
4,27,58,213
5,27,61,222
6,27,65,231
7,27,72,237
8,27,81,239
9,27,92,237
10,27,103,232
11,27,112,226
12,27,120,218
13,27,125,208
14,27,128,197
15,27,129,185
16,27,129,172
17,27,55,159
18,27,56,153
19,27,60,149
20,27,66,149
21,27,71,151
22,27,83,149
23,27,90,145
24,27,98,144
25,27,106,147
26,27,111,154
27,27,76,160
28,27,75,166
29,27,74,172
30,27,73,178
31,27,71,187
32,27,73,188
33,27,76,189
34,27,80,187
35,27,84,186
36,27,60,166
37,27,62,162
38,27,66,161
39,27,70,164
40,27,67,166
41,27,63,166
42,27,90,163
43,27,94,159
44,27,98,158
45,27,102,162
46,27,98,163
47,27,94,163
48,27,70,210
49,27,70,202
50,27,74,199
51,27,77,199
52,27,81,198
53,27,87,201
54,27,93,208
55,27,88,212
56,27,82,213
57,27,78,214
58,27,75,213
59,27,71,213
60,27,72,209
61,27,74,204
62,27,78,203
63,27,81,203
64,27,90,207
65,27,81,208
66,27,78,208
67,27,75,208
0,28,56,171
1,28,55,180
2,28,55,189
3,28,56,199
4,28,57,210
5,28,59,220
6,28,63,229
7,28,70,236
8,28,79,238
9,28,91,237
10,28,102,233
11,28,111,227
12,28,119,219
13,28,125,209
14,28,128,198
15,28,129,185
16,28,130,172
17,28,56,157
18,28,57,152
19,28,62,149
20,28,67,150
21,28,72,152
22,28,83,150
23,28,90,147
24,28,98,148
25,28,105,151
26,28,110,157
27,28,76,160
28,28,75,166
29,28,74,172
30,28,72,178
31,28,70,186
32,28,72,188
33,28,75,188
34,28,79,187
35,28,83,186
36,28,61,163
37,28,63,159
38,28,67,159
39,28,70,162
40,28,67,163
41,28,63,164
42,28,90,162
43,28,93,159
44,28,98,159
45,28,102,163
46,28,98,163
47,28,93,163
48,28,70,208
49,28,70,200
50,28,73,197
51,28,77,198
52,28,80,198
53,28,86,201
54,28,92,208
55,28,87,213
56,28,81,214
57,28,77,214
58,28,73,214
59,28,70,212
60,28,72,207
61,28,73,202
62,28,77,202
63,28,80,202
64,28,90,208
65,28,80,209
66,28,77,209
67,28,74,208
0,29,57,178
1,29,56,187
2,29,56,198
3,29,56,208
4,29,58,218
5,29,60,227
6,29,63,237
7,29,70,243
8,29,79,245
9,29,90,243
10,29,101,237
11,29,111,230
12,29,120,221
13,29,126,212
14,29,128,200
15,29,129,188
16,29,130,176
17,29,57,166
18,29,58,159
19,29,62,155
20,29,67,153
21,29,73,155
22,29,82,153
23,29,89,149
24,29,98,149
25,29,106,152
26,29,111,159
27,29,76,165
28,29,75,169
29,29,73,174
30,29,72,179
31,29,70,190
32,29,72,191
33,29,75,191
34,29,79,190
35,29,83,189
36,29,62,173
37,29,64,169
38,29,68,167
39,29,72,170
40,29,68,172
41,29,64,173
42,29,89,166
43,29,93,163
44,29,98,163
45,29,102,166
46,29,98,168
47,29,93,167
48,29,69,215
49,29,68,208
50,29,72,204
51,29,75,204
52,29,78,203
53,29,84,205
54,29,90,212
55,29,84,215
56,29,79,216
57,29,76,217
58,29,73,218
59,29,69,218
60,29,71,214
61,29,72,209
62,29,75,208
63,29,78,208
64,29,87,211
65,29,79,212
66,29,75,212
67,29,73,213
0,30,62,178
1,30,61,187
2,30,60,197
3,30,61,207
4,30,63,217
5,30,65,227
6,30,68,237
7,30,74,245
8,30,84,247
9,30,95,245
10,30,106,239
11,30,115,231
12,30,124,223
13,30,130,213
14,30,133,201
15,30,134,189
16,30,134,177
17,30,64,164
18,30,65,158
19,30,69,154
20,30,74,153
21,30,79,154
22,30,87,152
23,30,94,148
24,30,102,148
25,30,109,152
26,30,114,158
27,30,82,165
28,30,81,170
29,30,80,175
30,30,78,181
31,30,76,190
32,30,78,192
33,30,81,193
34,30,85,191
35,30,89,189
36,30,69,172
37,30,71,169
38,30,74,168
39,30,78,169
40,30,75,172
41,30,71,173
42,30,94,166
43,30,98,164
44,30,102,164
45,30,105,166
46,30,102,167
47,30,98,167
48,30,75,215
49,30,74,207
50,30,77,204
51,30,80,204
52,30,84,204
53,30,89,206
54,30,95,214
55,30,90,217
56,30,85,218
57,30,81,219
58,30,78,219
59,30,75,218
60,30,77,214
61,30,78,209
62,30,81,209
63,30,84,209
64,30,92,213
65,30,84,214
66,30,81,214
67,30,78,214
0,31,59,170
1,31,58,180
2,31,58,190
3,31,60,200
4,31,62,211
5,31,64,222
6,31,68,233
7,31,74,241
8,31,84,244
9,31,96,243
10,31,106,237
11,31,116,229
12,31,124,219
13,31,130,208
14,31,132,196
15,31,133,183
16,31,133,170
17,31,60,151
18,31,62,146
19,31,66,145
20,31,71,146
21,31,76,149
22,31,89,148
23,31,96,144
24,31,103,144
25,31,110,147
26,31,116,153
27,31,82,160
28,31,81,167
29,31,80,174
30,31,79,181
31,31,76,189
32,31,78,190
33,31,81,191
34,31,85,190
35,31,89,188
36,31,65,162
37,31,68,159
38,31,72,159
39,31,75,162
40,31,71,163
41,31,68,163
42,31,96,163
43,31,100,160
44,31,104,160
45,31,108,163
46,31,104,164
47,31,99,164
48,31,73,209
49,31,74,202
50,31,79,200
51,31,83,201
52,31,86,200
53,31,93,202
54,31,98,209
55,31,93,215
56,31,87,217
57,31,82,218
58,31,78,217
59,31,74,214
60,31,75,208
61,31,79,204
62,31,83,205
63,31,86,205
64,31,96,208
65,31,87,212
66,31,83,212
67,31,79,211
0,32,62,180
1,32,60,189
2,32,60,199
3,32,61,208
4,32,63,218
5,32,64,228
6,32,67,237
7,32,74,243
8,32,83,246
9,32,94,245
10,32,105,240
11,32,115,234
12,32,124,227
13,32,130,217
14,32,133,206
15,32,134,194
16,32,136,182
17,32,64,163
18,32,65,157
19,32,69,153
20,32,74,151
21,32,80,153
22,32,90,152
23,32,97,149
24,32,106,150
25,32,113,154
26,32,118,162
27,32,83,164
28,32,82,168
29,32,80,173
30,32,78,178
31,32,75,188
32,32,78,190
33,32,81,190
34,32,85,189
35,32,89,188
36,32,69,172
37,32,71,168
38,32,75,167
39,32,79,169
40,32,75,170
41,32,72,171
42,32,97,167
43,32,101,165
44,32,105,165
45,32,109,168
46,32,104,169
47,32,100,168
48,32,73,213
49,32,73,205
50,32,77,201
51,32,81,202
52,32,84,201
53,32,90,204
54,32,96,213
55,32,90,216
56,32,85,217
57,32,81,217
58,32,77,217
59,32,74,216
60,32,75,212
61,32,77,207
62,32,81,206
63,32,84,206
64,32,93,212
65,32,85,212
66,32,81,212
67,32,78,212
0,33,62,180
1,33,60,190
2,33,60,200
3,33,61,210
4,33,63,220
5,33,65,230
6,33,68,239
7,33,74,245
8,33,84,247
9,33,95,246
10,33,106,241
11,33,115,234
12,33,124,227
13,33,131,217
14,33,133,206
15,33,135,194
16,33,136,182
17,33,63,166
18,33,64,159
19,33,69,155
20,33,74,153
21,33,81,155
22,33,90,154
23,33,98,151
24,33,107,151
25,33,114,155
26,33,119,162
27,33,84,165
28,33,82,170
29,33,81,174
30,33,79,179
31,33,76,190
32,33,78,191
33,33,81,192
34,33,85,191
35,33,90,189
36,33,68,173
37,33,71,170
38,33,74,169
39,33,78,170
40,33,75,172
41,33,71,173
42,33,98,168
43,33,101,166
44,33,106,166
45,33,110,169
46,33,105,170
47,33,101,169
48,33,74,216
49,33,74,208
50,33,78,204
51,33,81,204
52,33,84,203
53,33,90,206
54,33,96,214
55,33,90,217
56,33,85,217
57,33,82,218
58,33,78,218
59,33,75,218
60,33,76,215
61,33,78,209
62,33,81,209
63,33,84,209
64,33,93,213
65,33,85,213
66,33,82,214
67,33,78,214
0,34,65,176
1,34,64,185
2,34,64,194
3,34,65,204
4,34,66,214
5,34,68,223
6,34,72,232
7,34,78,239
8,34,88,241
9,34,99,240
10,34,109,235
11,34,118,228
12,34,126,219
13,34,132,210
14,34,135,199
15,34,136,187
16,34,136,175
17,34,67,162
18,34,68,156
19,34,73,152
20,34,78,151
21,34,84,153
22,34,92,151
23,34,99,147
24,34,107,147
25,34,114,150
26,34,119,157
27,34,86,162
28,34,85,168
29,34,84,173
30,34,83,178
31,34,80,187
32,34,82,189
33,34,85,189
34,34,89,188
35,34,93,186
36,34,72,169
37,34,74,166
38,34,78,165
39,34,82,167
40,34,78,168
41,34,75,169
42,34,99,164
43,34,102,161
44,34,106,161
45,34,110,164
46,34,106,165
47,34,102,165
48,34,78,209
49,34,78,201
50,34,82,198
51,34,85,199
52,34,89,198
53,34,95,200
54,34,101,207
55,34,96,213
56,34,90,215
57,34,86,216
58,34,82,216
59,34,79,214
60,34,80,208
61,34,82,203
62,34,86,203
63,34,89,203
64,34,99,207
65,34,89,211
66,34,86,211
67,34,83,211
0,35,62,175
1,35,62,184
2,35,62,195
3,35,63,205
4,35,65,216
5,35,68,226
6,35,72,235
7,35,79,240
8,35,89,242
9,35,100,240
10,35,111,236
11,35,119,228
12,35,127,219
13,35,133,209
14,35,135,197
15,35,136,185
16,35,136,172
17,35,63,156
18,35,65,150
19,35,69,147
20,35,74,147
21,35,79,150
22,35,92,147
23,35,98,143
24,35,106,142
25,35,113,145
26,35,119,151
27,35,85,160
28,35,84,166
29,35,83,172
30,35,82,178
31,35,80,189
32,35,82,190
33,35,85,190
34,35,88,189
35,35,92,187
36,35,68,167
37,35,70,163
38,35,74,163
39,35,78,165
40,35,74,167
41,35,70,167
42,35,99,163
43,35,103,160
44,35,107,160
45,35,111,162
46,35,107,163
47,35,103,163
48,35,77,212
49,35,78,205
50,35,82,201
51,35,85,202
52,35,88,201
53,35,94,203
54,35,100,210
55,35,94,214
56,35,90,215
57,35,86,216
58,35,82,216
59,35,78,216
60,35,79,211
61,35,82,207
62,35,86,206
63,35,89,206
64,35,97,209
65,35,89,210
66,35,86,211
67,35,83,211
0,36,63,180
1,36,61,190
2,36,61,200
3,36,62,210
4,36,64,220
5,36,65,230
6,36,68,239
7,36,74,245
8,36,83,247
9,36,94,246
10,36,105,242
11,36,115,236
12,36,124,228
13,36,130,219
14,36,133,207
15,36,135,195
16,36,137,182
17,36,65,165
18,36,65,159
19,36,69,154
20,36,75,153
21,36,81,154
22,36,90,153
23,36,98,150
24,36,106,150
25,36,114,154
26,36,119,161
27,36,84,165
28,36,83,169
29,36,81,174
30,36,79,180
31,36,76,190
32,36,79,191
33,36,82,192
34,36,86,191
35,36,91,189
36,36,70,173
37,36,71,169
38,36,75,168
39,36,79,170
40,36,75,172
41,36,72,173
42,36,98,167
43,36,102,164
44,36,106,165
45,36,110,168
46,36,105,168
47,36,101,168
48,36,74,216
49,36,74,208
50,36,78,204
51,36,82,204
52,36,85,203
53,36,90,206
54,36,96,214
55,36,91,216
56,36,86,217
57,36,82,218
58,36,79,218
59,36,75,218
60,36,76,214
61,36,79,209
62,36,82,209
63,36,85,209
64,36,93,213
65,36,85,212
66,36,82,213
67,36,79,213
0,37,63,178
1,37,61,187
2,37,61,197
3,37,62,207
4,37,63,217
5,37,65,227
6,37,68,236
7,37,74,242
8,37,83,244
9,37,95,243
10,37,106,239
11,37,116,233
12,37,125,226
13,37,131,216
14,37,134,205
15,37,135,193
16,37,137,181
17,37,64,164
18,37,66,158
19,37,70,153
20,37,76,151
21,37,82,153
22,37,90,152
23,37,98,149
24,37,107,149
25,37,115,153
26,37,120,160
27,37,84,163
28,37,83,168
29,37,81,172
30,37,79,177
31,37,76,188
32,37,79,189
33,37,82,190
34,37,86,188
35,37,90,187
36,37,70,173
37,37,72,170
38,37,75,169
39,37,79,169
40,37,76,171
41,37,72,172
42,37,99,167
43,37,103,165
44,37,107,166
45,37,110,168
46,37,106,168
47,37,102,168
48,37,74,213
49,37,74,205
50,37,78,201
51,37,81,202
52,37,85,201
53,37,90,204
54,37,97,212
55,37,91,214
56,37,86,215
57,37,82,216
58,37,78,216
59,37,75,216
60,37,76,212
61,37,78,207
62,37,82,206
63,37,85,206
64,37,94,211
65,37,85,210
66,37,82,211
67,37,79,211
0,38,63,179
1,38,62,188
2,38,62,198
3,38,63,208
4,38,65,218
5,38,67,228
6,38,71,236
7,38,78,242
8,38,88,243
9,38,99,241
10,38,109,237
11,38,118,230
12,38,126,222
13,38,131,212
14,38,134,201
15,38,135,189
16,38,135,177
17,38,64,166
18,38,65,160
19,38,69,155
20,38,75,154
21,38,80,155
22,38,89,153
23,38,96,150
24,38,104,150
25,38,111,153
26,38,116,159
27,38,84,165
28,38,83,169
29,38,82,173
30,38,81,178
31,38,77,189
32,38,80,190
33,38,83,190
34,38,88,189
35,38,92,187
36,38,69,173
37,38,71,171
38,38,75,169
39,38,79,170
40,38,75,172
41,38,72,173
42,38,97,167
43,38,100,165
44,38,104,166
45,38,108,168
46,38,104,168
47,38,100,168
48,38,76,214
49,38,76,205
50,38,80,201
51,38,83,201
52,38,87,200
53,38,92,203
54,38,98,211
55,38,93,215
56,38,88,216
57,38,84,217
58,38,81,217
59,38,77,217
60,38,78,212
61,38,81,206
62,38,84,206
63,38,87,205
64,38,95,211
65,38,87,212
66,38,84,212
67,38,81,213
0,39,64,177
1,39,62,186
2,39,62,196
3,39,63,206
4,39,64,217
5,39,66,227
6,39,70,236
7,39,76,243
8,39,86,245
9,39,97,243
10,39,108,238
11,39,118,232
12,39,126,224
13,39,133,214
14,39,135,202
15,39,137,190
16,39,138,178
17,39,66,164
18,39,66,158
19,39,70,153
20,39,76,152
21,39,82,153
22,39,91,152
23,39,99,149
24,39,108,149
25,39,115,153
26,39,121,160
27,39,85,164
28,39,83,168
29,39,82,173
30,39,80,178
31,39,77,188
32,39,80,189
33,39,83,190
34,39,87,189
35,39,92,187
36,39,71,172
37,39,73,169
38,39,76,168
39,39,80,169
40,39,77,171
41,39,74,172
42,39,99,166
43,39,103,165
44,39,107,165
45,39,111,167
46,39,106,168
47,39,102,167
48,39,77,214
49,39,76,206
50,39,79,201
51,39,83,202
52,39,86,201
53,39,92,204
54,39,97,212
55,39,92,215
56,39,87,216
57,39,84,216
58,39,80,217
59,39,77,216
60,39,79,212
61,39,80,207
62,39,83,207
63,39,86,206
64,39,94,211
65,39,87,211
66,39,83,211
67,39,80,211
0,40,61,178
1,40,59,187
2,40,59,196
3,40,60,207
4,40,62,217
5,40,63,228
6,40,67,237
7,40,73,244
8,40,82,246
9,40,93,244
10,40,104,239
11,40,114,232
12,40,123,224
13,40,129,215
14,40,132,203
15,40,133,190
16,40,133,178
17,40,62,165
18,40,63,158
19,40,67,153
20,40,72,152
21,40,77,154
22,40,86,150
23,40,93,147
24,40,101,146
25,40,109,150
26,40,114,157
27,40,80,164
28,40,79,169
29,40,77,174
30,40,76,179
31,40,73,190
32,40,76,191
33,40,79,192
34,40,83,190
35,40,88,189
36,40,67,172
37,40,69,168
38,40,73,167
39,40,76,169
40,40,73,171
41,40,69,172
42,40,93,166
43,40,96,163
44,40,100,163
45,40,104,165
46,40,100,166
47,40,97,166
48,40,74,215
49,40,73,207
50,40,76,203
51,40,79,204
52,40,83,203
53,40,88,205
54,40,94,213
55,40,89,216
56,40,84,218
57,40,80,218
58,40,77,218
59,40,73,218
60,40,75,213
61,40,77,208
62,40,80,208
63,40,83,208
64,40,91,212
65,40,83,213
66,40,80,213
67,40,77,213
0,41,54,174
1,41,54,185
2,41,55,195
3,41,57,205
4,41,59,216
5,41,61,226
6,41,65,236
7,41,72,243
8,41,81,245
9,41,92,243
10,41,103,239
11,41,112,231
12,41,121,222
13,41,127,212
14,41,130,200
15,41,131,186
16,41,131,173
17,41,54,158
18,41,55,152
19,41,60,149
20,41,65,149
21,41,70,151
22,41,83,149
23,41,90,146
24,41,98,145
25,41,106,149
26,41,111,155
27,41,76,162
28,41,76,168
29,41,75,174
30,41,74,181
31,41,71,191
32,41,74,192
33,41,77,193
34,41,80,191
35,41,85,190
36,41,60,167
37,41,63,163
38,41,67,162
39,41,71,166
40,41,67,167
41,41,63,168
42,41,91,164
43,41,94,160
44,41,98,160
45,41,102,164
46,41,98,165
47,41,94,165
48,41,70,218
49,41,71,209
50,41,74,205
51,41,77,206
52,41,81,205
53,41,86,207
54,41,92,214
55,41,87,217
56,41,82,218
57,41,79,219
58,41,75,219
59,41,72,219
60,41,73,216
61,41,75,211
62,41,78,211
63,41,81,210
64,41,89,213
65,41,82,213
66,41,78,213
67,41,75,214
0,42,56,173
1,42,55,182
2,42,56,192
3,42,57,202
4,42,59,213
5,42,61,224
6,42,65,234
7,42,72,242
8,42,82,245
9,42,93,243
10,42,104,238
11,42,113,230
12,42,121,221
13,42,127,210
14,42,129,198
15,42,130,184
16,42,130,171
17,42,56,155
18,42,58,151
19,42,62,149
20,42,66,149
21,42,70,151
22,42,82,148
23,42,89,145
24,42,97,145
25,42,104,147
26,42,110,153
27,42,76,161
28,42,75,167
29,42,74,174
30,42,73,181
31,42,71,190
32,42,74,191
33,42,76,192
34,42,80,191
35,42,84,189
36,42,61,164
37,42,63,161
38,42,67,160
39,42,71,163
40,42,67,164
41,42,64,165
42,42,91,163
43,42,94,160
44,42,98,160
45,42,102,162
46,42,98,163
47,42,94,163
48,42,72,213
49,42,71,206
50,42,74,203
51,42,78,203
52,42,81,202
53,42,87,205
54,42,93,212
55,42,88,216
56,42,83,218
57,42,79,218
58,42,75,218
59,42,72,216
60,42,74,212
61,42,75,208
62,42,78,208
63,42,82,208
64,42,90,212
65,42,82,212
66,42,78,213
67,42,75,212
0,43,59,176
1,43,58,185
2,43,58,195
3,43,59,205
4,43,60,215
5,43,63,226
6,43,66,235
7,43,73,242
8,43,83,245
9,43,94,243
10,43,105,237
11,43,114,230
12,43,122,221
13,43,128,211
14,43,131,199
15,43,132,186
16,43,132,174
17,43,60,162
18,43,61,157
19,43,65,154
20,43,69,153
21,43,74,154
22,43,82,150
23,43,90,146
24,43,98,146
25,43,106,150
26,43,111,156
27,43,77,163
28,43,76,169
29,43,75,175
30,43,74,181
31,43,72,191
32,43,75,192
33,43,78,193
34,43,82,192
35,43,86,189
36,43,64,170
37,43,66,166
38,43,70,165
39,43,74,168
40,43,70,169
41,43,67,170
42,43,91,165
43,43,94,161
44,43,99,161
45,43,103,164
46,43,99,165
47,43,95,165
48,43,74,216
49,43,73,208
50,43,76,205
51,43,79,205
52,43,82,204
53,43,88,206
54,43,93,213
55,43,88,217
56,43,84,218
57,43,80,219
58,43,77,219
59,43,74,218
60,43,76,214
61,43,77,210
62,43,79,209
63,43,82,209
64,43,90,213
65,43,83,213
66,43,80,214
67,43,77,214
0,44,54,176
1,44,54,186
2,44,56,197
3,44,57,207
4,44,59,218
5,44,62,228
6,44,66,238
7,44,73,244
8,44,82,247
9,44,93,245
10,44,103,239
11,44,113,231
12,44,121,222
13,44,127,211
14,44,129,198
15,44,130,185
16,44,130,171
17,44,53,162
18,44,54,156
19,44,59,152
20,44,64,152
21,44,70,154
22,44,81,151
23,44,88,147
24,44,97,146
25,44,105,149
26,44,110,155
27,44,75,164
28,44,75,170
29,44,74,176
30,44,73,183
31,44,70,193
32,44,73,194
33,44,76,195
34,44,80,193
35,44,85,191
36,44,59,169
37,44,62,165
38,44,66,164
39,44,70,168
40,44,66,169
41,44,62,170
42,44,90,166
43,44,93,161
44,44,97,161
45,44,102,164
46,44,98,165
47,44,93,166
48,44,70,218
49,44,70,210
50,44,74,207
51,44,77,207
52,44,81,206
53,44,86,208
54,44,92,215
55,44,87,218
56,44,82,220
57,44,79,221
58,44,75,221
59,44,72,221
60,44,72,217
61,44,75,212
62,44,78,212
63,44,81,211
64,44,89,214
65,44,81,215
66,44,78,216
67,44,75,216
0,45,57,177
1,45,56,186
2,45,57,196
3,45,58,206
4,45,60,217
5,45,63,228
6,45,66,237
7,45,73,245
8,45,82,248
9,45,92,246
10,45,103,241
11,45,112,234
12,45,120,225
13,45,127,215
14,45,130,203
15,45,131,190
16,45,132,177
17,45,57,161
18,45,58,156
19,45,62,153
20,45,67,153
21,45,71,155
22,45,82,152
23,45,89,149
24,45,98,149
25,45,105,153
26,45,110,160
27,45,76,165
28,45,75,171
29,45,74,178
30,45,73,185
31,45,71,193
32,45,73,195
33,45,76,196
34,45,80,194
35,45,84,193
36,45,62,168
37,45,64,165
38,45,68,165
39,45,71,168
40,45,68,169
41,45,64,169
42,45,91,167
43,45,93,164
44,45,98,164
45,45,102,167
46,45,98,168
47,45,94,168
48,45,73,217
49,45,72,210
50,45,75,207
51,45,78,208
52,45,81,207
53,45,87,210
54,45,92,216
55,45,88,220
56,45,83,221
57,45,79,222
58,45,76,222
59,45,73,220
60,45,75,216
61,45,75,212
62,45,78,212
63,45,81,212
64,45,90,216
65,45,82,216
66,45,79,217
67,45,76,216
0,46,61,171
1,46,59,180
2,46,60,191
3,46,61,202
4,46,63,213
5,46,65,224
6,46,68,234
7,46,75,242
8,46,84,245
9,46,95,243
10,46,106,238
11,46,115,231
12,46,124,222
13,46,130,212
14,46,133,199
15,46,134,185
16,46,134,172
17,46,61,156
18,46,63,151
19,46,67,150
20,46,72,150
21,46,76,153
22,46,86,150
23,46,93,147
24,46,101,147
25,46,108,150
26,46,113,157
27,46,80,162
28,46,79,168
29,46,78,174
30,46,77,181
31,46,73,189
32,46,76,191
33,46,79,192
34,46,83,190
35,46,88,189
36,46,65,164
37,46,67,160
38,46,71,161
39,46,74,163
40,46,71,164
41,46,68,164
42,46,93,163
43,46,97,161
44,46,101,161
45,46,105,164
46,46,101,164
47,46,97,164
48,46,74,212
49,46,75,205
50,46,78,202
51,46,81,203
52,46,84,202
53,46,90,205
54,46,96,212
55,46,90,215
56,46,85,216
57,46,81,216
58,46,78,216
59,46,75,215
60,46,76,211
61,46,78,207
62,46,81,208
63,46,85,207
64,46,93,211
65,46,85,211
66,46,81,211
67,46,78,211
0,47,65,179
1,47,63,188
2,47,64,198
3,47,65,208
4,47,67,219
5,47,69,229
6,47,72,237
7,47,79,243
8,47,89,245
9,47,100,243
10,47,111,237
11,47,120,230
12,47,128,222
13,47,134,212
14,47,136,200
15,47,137,188
16,47,137,176
17,47,64,165
18,47,65,158
19,47,70,154
20,47,75,153
21,47,81,154
22,47,89,151
23,47,97,147
24,47,105,147
25,47,112,150
26,47,118,156
27,47,84,163
28,47,83,168
29,47,82,173
30,47,82,178
31,47,79,189
32,47,81,190
33,47,84,191
34,47,88,189
35,47,92,187
36,47,69,171
37,47,71,167
38,47,75,166
39,47,80,168
40,47,76,170
41,47,72,171
42,47,97,164
43,47,101,162
44,47,106,161
45,47,110,164
46,47,106,165
47,47,101,165
48,47,77,215
49,47,77,207
50,47,81,202
51,47,84,203
52,47,88,201
53,47,93,204
54,47,99,211
55,47,94,214
56,47,89,215
57,47,86,216
58,47,82,217
59,47,78,217
60,47,79,213
61,47,82,208
62,47,85,207
63,47,88,207
64,47,96,210
65,47,89,210
66,47,85,211
67,47,82,211
0,48,64,176
1,48,62,185
2,48,62,195
3,48,63,205
4,48,65,215
5,48,67,225
6,48,70,235
7,48,76,242
8,48,86,245
9,48,97,244
10,48,108,239
11,48,119,232
12,48,127,223
13,48,133,213
14,48,136,201
15,48,137,189
16,48,138,176
17,48,64,162
18,48,65,156
19,48,69,152
20,48,75,152
21,48,80,153
22,48,90,152
23,48,97,148
24,48,106,148
25,48,114,152
26,48,119,159
27,48,83,163
28,48,82,168
29,48,81,173
30,48,80,178
31,48,77,189
32,48,80,190
33,48,83,191
34,48,87,189
35,48,91,187
36,48,69,168
37,48,71,164
38,48,75,164
39,48,79,166
40,48,75,168
41,48,71,168
42,48,98,165
43,48,102,162
44,48,106,162
45,48,110,165
46,48,106,166
47,48,102,165
48,48,76,213
49,48,76,206
50,48,80,202
51,48,83,203
52,48,86,202
53,48,92,204
54,48,98,212
55,48,93,214
56,48,88,215
57,48,84,216
58,48,81,216
59,48,77,215
60,48,79,212
61,48,80,207
62,48,84,207
63,48,87,207
64,48,95,211
65,48,87,211
66,48,84,211
67,48,81,211
0,49,63,180
1,49,61,189
2,49,61,199
3,49,61,209
4,49,63,219
5,49,65,229
6,49,68,238
7,49,74,245
8,49,84,247
9,49,95,245
10,49,105,240
11,49,115,234
12,49,124,226
13,49,130,216
14,49,133,205
15,49,134,193
16,49,136,180
17,49,64,168
18,49,64,162
19,49,68,157
20,49,73,155
21,49,79,156
22,49,89,155
23,49,97,152
24,49,106,152
25,49,114,156
26,49,119,164
27,49,83,167
28,49,81,171
29,49,79,175
30,49,78,179
31,49,75,191
32,49,78,192
33,49,81,192
34,49,85,191
35,49,89,189
36,49,69,175
37,49,71,172
38,49,75,171
39,49,79,172
40,49,75,174
41,49,71,175
42,49,97,169
43,49,101,167
44,49,105,167
45,49,110,169
46,49,105,170
47,49,101,170
48,49,74,215
49,49,73,207
50,49,77,204
51,49,81,204
52,49,84,203
53,49,90,205
54,49,97,213
55,49,91,216
56,49,85,217
57,49,82,218
58,49,78,218
59,49,74,218
60,49,76,214
61,49,78,209
62,49,81,208
63,49,84,208
64,49,94,212
65,49,85,213
66,49,82,213
67,49,78,213
0,50,61,175
1,50,60,184
2,50,60,193
3,50,61,204
4,50,62,215
5,50,65,225
6,50,68,235
7,50,74,242
8,50,84,245
9,50,95,243
10,50,106,238
11,50,115,231
12,50,123,224
13,50,130,214
14,50,132,202
15,50,133,190
16,50,134,177
17,50,62,158
18,50,63,152
19,50,67,150
20,50,72,150
21,50,76,152
22,50,85,149
23,50,93,146
24,50,101,147
25,50,108,151
26,50,113,158
27,50,80,162
28,50,79,168
29,50,78,174
30,50,77,181
31,50,73,189
32,50,76,191
33,50,79,192
34,50,83,190
35,50,88,189
36,50,66,166
37,50,68,163
38,50,71,163
39,50,75,165
40,50,72,166
41,50,68,166
42,50,94,165
43,50,97,163
44,50,101,163
45,50,104,166
46,50,101,166
47,50,97,166
48,50,75,213
49,50,74,206
50,50,78,203
51,50,81,204
52,50,84,203
53,50,90,206
54,50,96,213
55,50,90,215
56,50,85,216
57,50,81,217
58,50,78,216
59,50,75,216
60,50,76,212
61,50,78,208
62,50,81,208
63,50,84,208
64,50,93,212
65,50,84,212
66,50,81,212
67,50,78,211
0,51,62,184
1,51,60,192
2,51,60,202
3,51,61,211
4,51,63,220
5,51,65,229
6,51,69,237
7,51,75,242
8,51,85,243
9,51,96,242
10,51,107,238
11,51,116,232
12,51,124,224
13,51,130,215
14,51,132,204
15,51,133,192
16,51,133,181
17,51,62,168
18,51,62,161
19,51,66,156
20,51,72,154
21,51,77,155
22,51,86,153
23,51,93,150
24,51,102,150
25,51,109,154
26,51,114,161
27,51,80,166
28,51,79,170
29,51,78,173
30,51,77,178
31,51,75,189
32,51,77,190
33,51,80,190
34,51,84,189
35,51,89,187
36,51,67,176
37,51,69,173
38,51,72,172
39,51,76,172
40,51,73,174
41,51,70,175
42,51,94,168
43,51,98,167
44,51,102,167
45,51,106,169
46,51,102,170
47,51,98,169
48,51,74,214
49,51,74,205
50,51,77,201
51,51,81,201
52,51,84,200
53,51,90,203
54,51,96,211
55,51,91,215
56,51,85,216
57,51,82,217
58,51,78,217
59,51,75,217
60,51,76,212
61,51,78,206
62,51,81,205
63,51,84,205
64,51,93,210
65,51,85,212
66,51,81,213
67,51,78,213
0,52,61,183
1,52,60,192
2,52,60,202
3,52,62,212
4,52,64,221
5,52,66,231
6,52,70,239
7,52,76,244
8,52,86,245
9,52,97,243
10,52,107,238
11,52,116,231
12,52,125,223
13,52,130,214
14,52,133,202
15,52,133,190
16,52,133,178
17,52,62,170
18,52,62,164
19,52,66,159
20,52,71,157
21,52,77,158
22,52,86,155
23,52,93,151
24,52,101,151
25,52,109,153
26,52,114,159
27,52,81,168
28,52,80,172
29,52,79,177
30,52,78,181
31,52,75,193
32,52,78,193
33,52,81,193
34,52,85,192
35,52,89,190
36,52,66,178
37,52,69,175
38,52,72,174
39,52,77,174
40,52,73,177
41,52,70,178
42,52,94,169
43,52,97,167
44,52,101,167
45,52,105,168
46,52,102,170
47,52,98,170
48,52,74,217
49,52,74,209
50,52,77,204
51,52,81,204
52,52,84,203
53,52,90,205
54,52,96,213
55,52,91,216
56,52,86,218
57,52,82,219
58,52,79,220
59,52,75,220
60,52,76,216
61,52,78,209
62,52,81,209
63,52,85,208
64,52,93,212
65,52,85,214
66,52,82,214
67,52,79,215
0,53,57,175
1,53,57,184
2,53,58,193
3,53,59,203
4,53,61,213
5,53,63,222
6,53,68,231
7,53,75,237
8,53,84,239
9,53,95,237
10,53,106,233
11,53,115,226
12,53,122,217
13,53,128,208
14,53,131,196
15,53,131,183
16,53,132,171
17,53,56,159
18,53,57,153
19,53,62,149
20,53,67,149
21,53,73,151
22,53,84,149
23,53,90,145
24,53,99,145
25,53,107,148
26,53,112,154
27,53,78,161
28,53,77,167
29,53,76,172
30,53,75,178
31,53,73,188
32,53,76,189
33,53,78,190
34,53,82,188
35,53,86,187
36,53,62,167
37,53,64,163
38,53,68,163
39,53,72,165
40,53,68,166
41,53,64,167
42,53,91,164
43,53,95,161
44,53,99,161
45,53,104,163
46,53,100,164
47,53,95,164
48,53,73,211
49,53,73,203
50,53,77,200
51,53,80,200
52,53,83,199
53,53,89,202
54,53,95,209
55,53,90,213
56,53,84,215
57,53,80,216
58,53,77,215
59,53,74,215
60,53,75,210
61,53,77,205
62,53,80,205
63,53,83,204
64,53,92,208
65,53,84,210
66,53,80,210
67,53,77,210
0,54,57,175
1,54,56,184
2,54,57,193
3,54,58,204
4,54,60,215
5,54,62,225
6,54,66,235
7,54,73,241
8,54,83,244
9,54,94,242
10,54,104,236
11,54,113,229
12,54,122,221
13,54,128,211
14,54,131,199
15,54,132,187
16,54,132,174
17,54,57,159
18,54,58,153
19,54,63,150
20,54,68,150
21,54,73,152
22,54,84,150
23,54,91,146
24,54,100,146
25,54,107,150
26,54,113,156
27,54,78,162
28,54,77,167
29,54,76,173
30,54,75,179
31,54,72,189
32,54,74,190
33,54,77,191
34,54,81,190
35,54,85,188
36,54,62,167
37,54,64,163
38,54,68,163
39,54,72,166
40,54,68,167
41,54,65,168
42,54,92,165
43,54,96,162
44,54,100,162
45,54,104,165
46,54,100,165
47,54,96,165
48,54,72,214
49,54,72,206
50,54,75,203
51,54,78,203
52,54,82,202
53,54,87,205
54,54,93,211
55,54,88,214
56,54,83,215
57,54,79,216
58,54,76,216
59,54,73,216
60,54,74,213
61,54,76,208
62,54,79,208
63,54,82,207
64,54,90,211
65,54,82,210
66,54,79,211
67,54,76,211
0,55,59,173
1,55,58,182
2,55,58,192
3,55,59,203
4,55,60,214
5,55,62,225
6,55,65,235
7,55,72,242
8,55,82,245
9,55,93,243
10,55,104,238
11,55,114,232
12,55,122,224
13,55,129,213
14,55,131,201
15,55,132,188
16,55,132,175
17,55,59,158
18,55,60,153
19,55,64,150
20,55,69,150
21,55,73,153
22,55,84,151
23,55,92,148
24,55,100,148
25,55,107,151
26,55,112,157
27,55,78,163
28,55,77,169
29,55,76,175
30,55,75,181
31,55,71,191
32,55,74,192
33,55,77,192
34,55,81,191
35,55,86,190
36,55,63,166
37,55,65,163
38,55,69,163
39,55,72,166
40,55,69,166
41,55,65,167
42,55,92,166
43,55,95,163
44,55,100,163
45,55,104,166
46,55,99,166
47,55,96,166
48,55,72,215
49,55,72,208
50,55,75,204
51,55,78,205
52,55,82,204
53,55,87,207
54,55,93,213
55,55,88,216
56,55,83,217
57,55,79,218
58,55,76,217
59,55,72,216
60,55,74,213
61,55,75,209
62,55,78,209
63,55,82,209
64,55,90,212
65,55,82,212
66,55,79,213
67,55,76,212
0,56,59,173
1,56,58,182
2,56,59,191
3,56,60,201
4,56,61,212
5,56,63,222
6,56,67,231
7,56,74,237
8,56,83,239
9,56,95,238
10,56,105,233
11,56,115,227
12,56,123,218
13,56,129,209
14,56,132,197
15,56,133,184
16,56,133,171
17,56,58,158
18,56,59,152
19,56,64,149
20,56,69,149
21,56,74,151
22,56,84,149
23,56,92,145
24,56,100,145
25,56,108,148
26,56,114,155
27,56,78,161
28,56,77,166
29,56,76,172
30,56,75,178
31,56,73,187
32,56,75,189
33,56,78,189
34,56,82,188
35,56,86,187
36,56,63,165
37,56,65,162
38,56,69,161
39,56,73,164
40,56,69,165
41,56,66,166
42,56,92,163
43,56,96,160
44,56,101,160
45,56,105,163
46,56,101,164
47,56,96,164
48,56,73,210
49,56,73,202
50,56,76,199
51,56,79,199
52,56,83,198
53,56,89,201
54,56,95,209
55,56,90,213
56,56,84,215
57,56,80,216
58,56,77,215
59,56,74,214
60,56,75,209
61,56,77,204
62,56,80,204
63,56,83,204
64,56,92,208
65,56,84,210
66,56,80,210
67,56,77,210
0,57,57,174
1,57,56,183
2,57,57,193
3,57,58,203
4,57,60,214
5,57,62,225
6,57,66,234
7,57,73,240
8,57,82,242
9,57,94,240
10,57,104,235
11,57,113,228
12,57,121,219
13,57,127,210
14,57,130,197
15,57,131,184
16,57,131,171
17,57,56,159
18,57,57,153
19,57,62,150
20,57,67,150
21,57,72,152
22,57,83,150
23,57,91,146
24,57,99,146
25,57,106,148
26,57,112,155
27,57,77,162
28,57,76,167
29,57,75,174
30,57,74,180
31,57,72,189
32,57,74,191
33,57,77,191
34,57,81,190
35,57,85,188
36,57,61,166
37,57,63,163
38,57,67,162
39,57,71,165
40,57,67,166
41,57,64,167
42,57,91,164
43,57,94,160
44,57,99,160
45,57,103,163
46,57,99,165
47,57,95,165
48,57,71,213
49,57,71,205
50,57,75,202
51,57,78,202
52,57,82,201
53,57,87,204
54,57,93,211
55,57,88,215
56,57,83,216
57,57,79,217
58,57,76,217
59,57,72,216
60,57,73,212
61,57,75,207
62,57,79,207
63,57,82,207
64,57,90,210
65,57,83,211
66,57,79,212
67,57,76,212
0,58,55,175
1,58,54,185
2,58,56,195
3,58,57,206
4,58,59,217
5,58,62,228
6,58,65,237
7,58,72,244
8,58,82,246
9,58,93,243
10,58,103,238
11,58,112,230
12,58,120,221
13,58,126,211
14,58,129,198
15,58,130,185
16,58,130,172
17,58,54,160
18,58,55,154
19,58,60,151
20,58,66,151
21,58,71,153
22,58,82,151
23,58,90,147
24,58,98,147
25,58,105,149
26,58,111,156
27,58,76,163
28,58,75,169
29,58,75,176
30,58,74,182
31,58,71,191
32,58,73,193
33,58,77,194
34,58,80,192
35,58,85,190
36,58,60,168
37,58,62,164
38,58,66,163
39,58,70,167
40,58,66,168
41,58,62,169
42,58,90,165
43,58,93,161
44,58,98,161
45,58,102,164
46,58,98,166
47,58,94,166
48,58,69,217
49,58,70,209
50,58,74,206
51,58,77,206
52,58,81,205
53,58,86,207
54,58,92,214
55,58,87,217
56,58,82,218
57,58,79,219
58,58,75,219
59,58,71,219
60,58,72,216
61,58,74,211
62,58,78,210
63,58,81,210
64,58,89,213
65,58,82,213
66,58,78,214
67,58,75,214
0,59,54,177
1,59,54,187
2,59,56,197
3,59,57,208
4,59,59,218
5,59,62,229
6,59,66,239
7,59,73,245
8,59,83,247
9,59,94,244
10,59,104,238
11,59,113,230
12,59,120,220
13,59,126,210
14,59,128,197
15,59,129,184
16,59,129,170
17,59,53,164
18,59,54,158
19,59,59,155
20,59,64,154
21,59,70,156
22,59,80,153
23,59,87,148
24,59,95,147
25,59,103,150
26,59,109,156
27,59,74,165
28,59,74,171
29,59,73,177
30,59,73,184
31,59,71,194
32,59,73,195
33,59,76,196
34,59,80,194
35,59,84,191
36,59,60,171
37,59,62,167
38,59,66,166
39,59,70,169
40,59,66,171
41,59,62,172
42,59,88,166
43,59,91,162
44,59,96,161
45,59,100,164
46,59,96,166
47,59,92,167
48,59,72,220
49,59,71,212
50,59,74,208
51,59,77,209
52,59,80,207
53,59,85,209
54,59,91,215
55,59,86,218
56,59,82,219
57,59,79,220
58,59,76,221
59,59,73,222
60,59,74,219
61,59,75,214
62,59,78,213
63,59,81,212
64,59,88,214
65,59,81,214
66,59,79,215
67,59,76,215
0,60,55,180
1,60,55,190
2,60,56,200
3,60,57,210
4,60,59,220
5,60,62,230
6,60,66,239
7,60,74,246
8,60,83,247
9,60,94,245
10,60,104,239
11,60,113,230
12,60,121,221
13,60,126,211
14,60,129,199
15,60,129,186
16,60,128,173
17,60,55,166
18,60,56,160
19,60,60,156
20,60,65,156
21,60,71,157
22,60,81,153
23,60,87,149
24,60,95,148
25,60,102,150
26,60,108,156
27,60,75,166
28,60,74,172
29,60,74,178
30,60,73,184
31,60,71,194
32,60,73,195
33,60,76,196
34,60,80,194
35,60,84,192
36,60,61,173
37,60,63,168
38,60,67,167
39,60,71,170
40,60,67,172
41,60,63,173
42,60,88,167
43,60,91,162
44,60,96,162
45,60,100,165
46,60,96,166
47,60,92,167
48,60,71,220
49,60,71,212
50,60,74,208
51,60,77,208
52,60,80,207
53,60,85,209
54,60,92,215
55,60,87,218
56,60,83,220
57,60,79,221
58,60,76,222
59,60,72,222
60,60,73,219
61,60,75,214
62,60,78,213
63,60,81,212
64,60,89,215
65,60,81,214
66,60,78,215
67,60,76,216
0,61,57,182
1,61,56,191
2,61,56,202
3,61,57,211
4,61,60,221
5,61,62,231
6,61,66,239
7,61,73,245
8,61,83,246
9,61,94,244
10,61,104,238
11,61,113,230
12,61,121,222
13,61,126,212
14,61,128,200
15,61,128,188
16,61,128,176
17,61,56,168
18,61,56,162
19,61,60,158
20,61,65,156
21,61,71,157
22,61,81,153
23,61,88,149
24,61,96,148
25,61,103,151
26,61,109,157
27,61,75,166
28,61,74,171
29,61,74,176
30,61,73,181
31,61,71,192
32,61,73,194
33,61,76,194
34,61,80,192
35,61,84,190
36,61,61,175
37,61,63,170
38,61,67,169
39,61,71,170
40,61,68,173
41,61,64,175
42,61,88,166
43,61,92,162
44,61,96,162
45,61,100,165
46,61,96,167
47,61,92,167
48,61,71,219
49,61,71,211
50,61,74,206
51,61,77,206
52,61,80,205
53,61,85,207
54,61,91,213
55,61,87,216
56,61,82,217
57,61,79,218
58,61,76,219
59,61,72,220
60,61,73,217
61,61,75,211
62,61,78,211
63,61,81,210
64,61,89,213
65,61,81,213
66,61,78,213
67,61,75,214
0,62,53,180
1,62,54,189
2,62,55,200
3,62,57,210
4,62,59,221
5,62,62,231
6,62,66,240
7,62,74,246
8,62,83,247
9,62,94,244
10,62,104,238
11,62,113,230
12,62,120,221
13,62,126,210
14,62,128,198
15,62,128,185
16,62,128,172
17,62,53,167
18,62,54,160
19,62,58,157
20,62,64,156
21,62,70,158
22,62,80,154
23,62,86,150
24,62,94,148
25,62,102,150
26,62,107,156
27,62,74,167
28,62,74,173
29,62,74,179
30,62,73,185
31,62,71,195
32,62,73,196
33,62,76,197
34,62,80,195
35,62,84,193
36,62,59,173
37,62,61,169
38,62,66,168
39,62,70,171
40,62,66,173
41,62,62,174
42,62,88,167
43,62,91,163
44,62,96,162
45,62,100,165
46,62,96,167
47,62,92,167
48,62,71,221
49,62,71,213
50,62,74,209
51,62,77,209
52,62,80,207
53,62,85,209
54,62,91,215
55,62,87,219
56,62,83,220
57,62,79,222
58,62,76,222
59,62,72,223
60,62,73,219
61,62,75,214
62,62,78,213
63,62,81,213
64,62,88,215
65,62,81,216
66,62,79,216
67,62,76,217
0,63,55,179
1,63,54,188
2,63,56,198
3,63,56,209
4,63,59,219
5,63,61,229
6,63,65,238
7,63,72,244
8,63,81,247
9,63,92,245
10,63,102,240
11,63,111,232
12,63,119,223
13,63,125,213
14,63,128,200
15,63,129,187
16,63,129,173
17,63,54,166
18,63,55,160
19,63,59,157
20,63,64,156
21,63,69,157
22,63,80,154
23,63,87,150
24,63,95,149
25,63,103,152
26,63,108,159
27,63,73,167
28,63,73,173
29,63,72,179
30,63,71,185
31,63,69,195
32,63,71,196
33,63,75,196
34,63,79,195
35,63,83,193
36,63,60,172
37,63,62,167
38,63,66,167
39,63,70,170
40,63,66,172
41,63,62,173
42,63,88,167
43,63,91,163
44,63,96,163
45,63,100,166
46,63,96,167
47,63,92,168
48,63,71,219
49,63,70,212
50,63,73,209
51,63,76,209
52,63,79,208
53,63,85,210
54,63,91,216
55,63,86,219
56,63,82,221
57,63,78,222
58,63,75,222
59,63,71,222
60,63,73,218
61,63,74,213
62,63,77,213
63,63,80,212
64,63,88,215
65,63,81,216
66,63,77,217
67,63,74,217
0,64,55,175
1,64,55,184
2,64,56,195
3,64,57,205
4,64,59,216
5,64,62,227
6,64,66,236
7,64,72,242
8,64,82,244
9,64,93,242
10,64,104,236
11,64,112,229
12,64,120,219
13,64,126,209
14,64,128,196
15,64,129,183
16,64,129,170
17,64,54,162
18,64,56,157
19,64,60,154
20,64,65,154
21,64,71,156
22,64,81,154
23,64,88,149
24,64,96,148
25,64,104,150
26,64,109,155
27,64,75,164
28,64,74,171
29,64,74,177
30,64,73,183
31,64,71,193
32,64,73,194
33,64,76,195
34,64,80,193
35,64,84,191
36,64,60,169
37,64,62,165
38,64,66,165
39,64,70,168
40,64,67,170
41,64,62,171
42,64,89,165
43,64,92,161
44,64,97,160
45,64,101,164
46,64,97,166
47,64,93,166
48,64,71,217
49,64,71,210
50,64,74,206
51,64,77,207
52,64,80,205
53,64,85,207
54,64,91,213
55,64,87,217
56,64,82,218
57,64,79,219
58,64,75,219
59,64,72,219
60,64,73,216
61,64,75,211
62,64,78,211
63,64,81,210
64,64,88,213
65,64,81,213
66,64,78,214
67,64,75,214
0,65,56,175
1,65,56,185
2,65,57,195
3,65,58,205
4,65,60,216
5,65,62,226
6,65,66,236
7,65,73,243
8,65,83,246
9,65,93,245
10,65,104,239
11,65,113,231
12,65,121,222
13,65,127,211
14,65,129,198
15,65,129,185
16,65,129,171
17,65,56,163
18,65,57,158
19,65,61,156
20,65,67,156
21,65,72,158
22,65,81,154
23,65,88,150
24,65,96,149
25,65,104,152
26,65,110,158
27,65,76,166
28,65,75,172
29,65,74,178
30,65,73,185
31,65,71,194
32,65,74,195
33,65,77,196
34,65,81,194
35,65,85,192
36,65,61,170
37,65,64,166
38,65,68,165
39,65,71,169
40,65,67,170
41,65,64,170
42,65,90,166
43,65,92,162
44,65,97,162
45,65,101,165
46,65,97,167
47,65,93,167
48,65,72,217
49,65,72,210
50,65,75,206
51,65,78,207
52,65,81,206
53,65,87,208
54,65,92,215
55,65,88,219
56,65,83,220
57,65,79,221
58,65,76,221
59,65,73,220
60,65,74,216
61,65,75,211
62,65,78,211
63,65,81,211
64,65,90,214
65,65,82,216
66,65,79,217
67,65,76,216
0,66,58,175
1,66,57,184
2,66,57,194
3,66,58,204
4,66,60,215
5,66,62,226
6,66,65,237
7,66,72,244
8,66,81,247
9,66,92,245
10,66,103,240
11,66,113,234
12,66,121,225
13,66,128,215
14,66,130,203
15,66,131,190
16,66,131,177
17,66,58,160
18,66,60,155
19,66,64,153
20,66,69,154
21,66,74,156
22,66,83,155
23,66,91,152
24,66,99,152
25,66,106,154
26,66,112,161
27,66,77,165
28,66,76,171
29,66,75,177
30,66,74,184
31,66,71,192
32,66,73,193
33,66,76,194
34,66,80,193
35,66,85,191
36,66,62,167
37,66,64,163
38,66,68,163
39,66,72,166
40,66,68,167
41,66,65,167
42,66,91,166
43,66,94,164
44,66,99,164
45,66,103,167
46,66,99,167
47,66,95,167
48,66,72,215
49,66,71,208
50,66,74,205
51,66,78,206
52,66,82,205
53,66,88,208
54,66,93,215
55,66,88,219
56,66,83,220
57,66,78,220
58,66,75,220
59,66,72,218
60,66,74,214
61,66,75,210
62,66,78,210
63,66,82,210
64,66,91,214
65,66,82,215
66,66,78,215
67,66,75,214
0,67,57,172
1,67,56,182
2,67,57,192
3,67,58,203
4,67,60,215
5,67,62,226
6,67,66,236
7,67,73,244
8,67,82,247
9,67,93,245
10,67,104,240
11,67,114,233
12,67,122,224
13,67,128,214
14,67,130,201
15,67,131,188
16,67,132,175
17,67,56,160
18,67,59,155
19,67,63,153
20,67,69,154
21,67,74,156
22,67,83,156
23,67,91,153
24,67,99,152
25,67,107,155
26,67,112,161
27,67,77,165
28,67,76,171
29,67,75,177
30,67,74,184
31,67,71,193
32,67,73,194
33,67,76,195
34,67,80,194
35,67,85,193
36,67,61,167
37,67,63,164
38,67,67,164
39,67,71,167
40,67,67,168
41,67,63,168
42,67,91,168
43,67,95,165
44,67,100,165
45,67,104,168
46,67,100,169
47,67,95,169
48,67,71,217
49,67,71,210
50,67,74,207
51,67,78,208
52,67,81,207
53,67,87,210
54,67,93,216
55,67,88,219
56,67,83,221
57,67,79,221
58,67,75,221
59,67,72,220
60,67,73,216
61,67,75,212
62,67,78,212
63,67,81,212
64,67,90,215
65,67,82,215
66,67,78,216
67,67,75,215
0,68,59,172
1,68,58,181
2,68,58,191
3,68,58,202
4,68,59,213
5,68,61,225
6,68,65,235
7,68,71,244
8,68,79,248
9,68,90,248
10,68,102,243
11,68,112,236
12,68,120,227
13,68,127,217
14,68,130,204
15,68,130,191
16,68,131,177
17,68,59,159
18,68,61,154
19,68,65,154
20,68,70,154
21,68,75,157
22,68,83,157
23,68,90,155
24,68,99,155
25,68,106,158
26,68,111,164
27,68,77,166
28,68,76,172
29,68,75,179
30,68,73,185
31,68,69,192
32,68,72,195
33,68,76,196
34,68,80,195
35,68,85,193
36,68,63,166
37,68,65,163
38,68,69,164
39,68,72,167
40,68,68,167
41,68,65,167
42,68,90,169
43,68,94,166
44,68,98,167
45,68,102,170
46,68,97,170
47,68,93,170
48,68,70,214
49,68,71,208
50,68,74,206
51,68,77,207
52,68,81,207
53,68,87,210
54,68,93,216
55,68,87,220
56,68,81,221
57,68,77,221
58,68,73,220
59,68,71,218
60,68,72,214
61,68,74,210
62,68,77,211
63,68,81,211
64,68,90,216
65,68,81,217
66,68,77,217
67,68,74,215
0,69,58,180
1,69,57,189
2,69,57,198
3,69,58,208
4,69,60,219
5,69,62,229
6,69,66,239
7,69,72,247
8,69,82,251
9,69,92,249
10,69,103,243
11,69,112,236
12,69,120,228
13,69,126,218
14,69,129,206
15,69,129,193
16,69,130,180
17,69,59,164
18,69,60,159
19,69,64,156
20,69,69,156
21,69,74,158
22,69,81,156
23,69,88,153
24,69,97,153
25,69,104,156
26,69,109,163
27,69,77,167
28,69,76,173
29,69,75,180
30,69,74,186
31,69,71,195
32,69,73,196
33,69,76,197
34,69,81,196
35,69,85,194
36,69,64,171
37,69,65,168
38,69,69,168
39,69,72,170
40,69,69,171
41,69,66,171
42,69,90,170
43,69,93,167
44,69,97,167
45,69,101,170
46,69,96,170
47,69,93,170
48,69,72,218
49,69,71,212
50,69,75,209
51,69,78,209
52,69,81,208
53,69,87,211
54,69,93,217
55,69,88,222
56,69,83,223
57,69,79,224
58,69,75,223
59,69,72,222
60,69,74,218
61,69,75,213
62,69,78,213
63,69,82,213
64,69,90,217
65,69,82,218
66,69,78,218
67,69,75,218
0,70,58,179
1,70,57,188
2,70,57,198
3,70,58,209
4,70,60,220
5,70,63,230
6,70,67,240
7,70,73,248
8,70,82,252
9,70,92,250
10,70,103,245
11,70,112,237
12,70,121,228
13,70,127,218
14,70,130,205
15,70,130,192
16,70,131,178
17,70,59,164
18,70,60,159
19,70,64,156
20,70,68,156
21,70,73,158
22,70,82,157
23,70,88,154
24,70,97,154
25,70,104,157
26,70,109,163
27,70,77,169
28,70,76,175
29,70,75,182
30,70,74,188
31,70,71,196
32,70,73,198
33,70,76,199
34,70,81,198
35,70,85,196
36,70,64,172
37,70,65,169
38,70,69,169
39,70,72,171
40,70,69,172
41,70,66,172
42,70,90,171
43,70,93,168
44,70,97,168
45,70,101,171
46,70,96,171
47,70,93,171
48,70,72,219
49,70,72,213
50,70,75,210
51,70,78,210
52,70,82,210
53,70,88,212
54,70,94,219
55,70,89,224
56,70,83,226
57,70,79,226
58,70,76,225
59,70,73,223
60,70,74,219
61,70,76,214
62,70,79,214
63,70,82,214
64,70,91,219
65,70,83,221
66,70,79,221
67,70,76,220
0,71,58,179
1,71,57,188
2,71,58,199
3,71,59,210
4,71,61,221
5,71,65,232
6,71,68,242
7,71,74,250
8,71,83,254
9,71,93,252
10,71,103,247
11,71,113,239
12,71,122,229
13,71,129,218
14,71,131,205
15,71,132,191
16,71,132,177
17,71,60,165
18,71,60,160
19,71,64,157
20,71,68,157
21,71,73,159
22,71,83,158
23,71,89,155
24,71,98,155
25,71,105,158
26,71,110,164
27,71,77,171
28,71,76,177
29,71,75,184
30,71,74,191
31,71,71,198
32,71,74,200
33,71,77,201
34,71,82,200
35,71,86,198
36,71,64,173
37,71,66,170
38,71,70,170
39,71,73,172
40,71,70,173
41,71,66,174
42,71,90,172
43,71,93,169
44,71,97,169
45,71,102,172
46,71,97,173
47,71,93,173
48,71,73,221
49,71,73,214
50,71,76,211
51,71,79,212
52,71,83,212
53,71,89,214
54,71,95,221
55,71,90,227
56,71,84,229
57,71,80,229
58,71,77,228
59,71,74,225
60,71,75,220
61,71,77,216
62,71,80,216
63,71,83,216
64,71,92,221
65,71,84,224
66,71,80,224
67,71,77,223
0,72,59,184
1,72,58,193
2,72,59,203
3,72,60,213
4,72,63,224
5,72,66,234
6,72,70,243
7,72,76,251
8,72,85,253
9,72,96,251
10,72,107,245
11,72,117,237
12,72,125,227
13,72,131,216
14,72,133,203
15,72,133,189
16,72,133,176
17,72,59,169
18,72,59,164
19,72,63,161
20,72,67,160
21,72,72,162
22,72,84,158
23,72,90,154
24,72,98,153
25,72,105,155
26,72,110,160
27,72,78,173
28,72,77,179
29,72,76,185
30,72,75,192
31,72,74,200
32,72,76,202
33,72,79,202
34,72,83,200
35,72,87,198
36,72,65,180
37,72,66,176
38,72,70,175
39,72,74,177
40,72,71,179
41,72,67,180
42,72,91,172
43,72,94,170
44,72,98,169
45,72,103,171
46,72,99,173
47,72,95,173
48,72,75,224
49,72,74,217
50,72,77,214
51,72,81,214
52,72,84,213
53,72,90,215
54,72,96,222
55,72,91,227
56,72,86,228
57,72,82,229
58,72,79,229
59,72,76,228
60,72,77,223
61,72,78,218
62,72,81,218
63,72,84,218
64,72,93,221
65,72,85,224
66,72,82,224
67,72,78,224
